Course Name,Section Number,Date,Time
ANAR 154,A00,3/17/2020,8:00a-10:59a
ANAR 158,A00,3/16/2020,11:30a-2:29p
ANBI 100,A00,3/16/2020,7:00p-9:59p
ANBI 116,A00,3/17/2020,8:00a-10:59a
ANBI 134,A00,3/16/2020,7:00p-9:59p
ANBI 140,A00,3/18/2020,3:00p-5:59p
ANBI 144,A00,3/19/2020,8:00a-10:59a
ANSC 117,A00,3/19/2020,7:00p-9:59p
ANSC 122,A00,3/17/2020,8:00a-10:59a
ANSC 125,A00,3/19/2020,11:30a-2:29p
ANSC 129,A00,3/19/2020,3:00p-5:59p
ANSC 148,A00,3/17/2020,11:30a-2:29p
ANSC 149,A00,3/17/2020,3:00p-5:59p
ANSC 150,A00,3/16/2020,7:00p-9:59p
ANSC 188,A00,3/19/2020,7:00p-9:59p
ANSC 190,A00,3/17/2020,11:30a-2:29p
ANTH 1,A00,3/17/2020,11:30a-2:29p
ANTH 5,A00,3/20/2020,11:30a-2:29p
ANTH 21,A00,3/19/2020,11:30a-2:29p
ANTH 21,B00,3/19/2020,8:00a-10:59a
ANTH 23,A00,3/18/2020,8:00a-10:59a
ANTH 23,B00,3/20/2020,8:00a-10:59a
ANTH 102,A00,3/20/2020,11:30a-2:29p
ANTH 111,A00,3/19/2020,7:00p-9:59p
BENG 112A,A00,3/19/2020,11:30a-2:29p
BENG 112A,B00,3/17/2020,11:30a-2:29p
BENG 120,A00,3/17/2020,3:00p-5:59p
BENG 123,A00,3/17/2020,3:00p-5:59p
BENG 125,A00,3/19/2020,7:00p-9:59p
BENG 130,A00,3/17/2020,11:30a-2:29p
BENG 140A,A00,3/17/2020,8:00a-10:59a
BENG 140A,B00,3/19/2020,8:00a-10:59a
BENG 152,A00,3/20/2020,8:00a-10:59a
BENG 161B,A00,3/17/2020,3:00p-5:59p
BENG 161B,B00,3/17/2020,3:00p-5:59p
BENG 168,A00,3/19/2020,7:00p-9:59p
BENG 181,A00,3/18/2020,7:00p-9:59p
BENG 186B,A00,3/19/2020,3:00p-5:59p
BENG 186B,B00,3/19/2020,7:00p-9:59p
BENG 191,A00,3/18/2020,11:30a-2:29p
BIBC 102,A00,3/20/2020,3:00p-5:59p
BIBC 102,B00,3/18/2020,3:00p-5:59p
BICD 100,A00,3/17/2020,3:00p-5:59p
BICD 100,B00,3/19/2020,8:00a-10:59a
BICD 100,C00,3/18/2020,3:00p-5:59p
BICD 102,A00,3/16/2020,7:00p-9:59p
BICD 110,A00,3/19/2020,3:00p-5:59p
BICD 136,A00,3/19/2020,7:00p-9:59p
BICD 145,A00,3/18/2020,11:30a-2:29p
BIEB 102,A00,3/17/2020,8:00a-10:59a
BIEB 128,A00,3/20/2020,8:00a-10:59a
BIEB 130,A00,3/17/2020,11:30a-2:29p
BIEB 134,A00,3/17/2020,8:00a-10:59a
BIEB 150,A00,3/19/2020,7:00p-9:59p
BILD 1,A00,3/19/2020,3:00p-5:59p
BILD 1,B00,3/17/2020,11:30a-2:29p
BILD 1,C00,3/17/2020,3:00p-5:59p
BILD 2,A00,3/19/2020,8:00a-10:59a
BILD 2,B00,3/17/2020,3:00p-5:59p
BILD 3,A00,3/17/2020,8:00a-10:59a
BILD 3,B00,3/16/2020,11:30a-2:29p
BILD 4,A00,3/17/2020,7:00p-9:59p
BILD 4,B00,3/17/2020,7:00p-9:59p
BILD 10,A00,3/17/2020,11:30a-2:29p
BILD 38,A00,3/19/2020,8:00a-10:59a
BILD 60,A00,3/19/2020,3:00p-5:59p
BIMM 100,A00,3/19/2020,8:00a-10:59a
BIMM 100,B00,3/17/2020,7:00p-9:59p
BIMM 110,A00,3/16/2020,8:00a-10:59a
BIMM 112,A00,3/19/2020,3:00p-5:59p
BIMM 114,A00,3/18/2020,11:30a-2:29p
BIMM 116B,A00,3/19/2020,7:00p-9:59p
BIMM 118,A00,3/19/2020,8:00a-10:59a
BIMM 120,A00,3/19/2020,7:00p-9:59p
BIMM 134,A00,3/19/2020,8:00a-10:59a
BIMM 143,A00,3/17/2020,8:00a-10:59a
BIMM 162,A00,3/16/2020,11:30a-2:29p
BIMM 164,A00,3/17/2020,8:00a-10:59a
BIMM 172,A00,3/16/2020,8:00a-10:59a
BIMM 181,A00,3/18/2020,7:00p-9:59p
BIMM 194,B00,3/20/2020,8:00a-10:59a
BIPN 100,A00,3/21/2020,11:30a-2:29p
BIPN 100,B00,3/21/2020,11:30a-2:29p
BIPN 102,A00,3/16/2020,11:30a-2:29p
BIPN 105,A00,3/18/2020,11:30a-2:29p
BIPN 105,B00,3/18/2020,11:30a-2:29p
BIPN 108,A00,3/19/2020,3:00p-5:59p
BIPN 140,A00,3/19/2020,3:00p-5:59p
BIPN 150,A00,3/19/2020,8:00a-10:59a
BIPN 154,A00,3/19/2020,11:30a-2:29p
BIPN 160,A00,3/17/2020,3:00p-5:59p
BIPN 162,A00,3/19/2020,3:00p-5:59p
CAT  2,A00,3/18/2020,8:00a-10:59a
CAT  2,B00,3/19/2020,11:30a-2:29p
CAT  2,C00,3/20/2020,11:30a-2:29p
CAT  2,D00,3/17/2020,3:00p-5:59p
CAT  2,E00,3/17/2020,8:00a-10:59a
CCS  101,A00,3/20/2020,11:30a-2:29p
CGS  101,A00,3/17/2020,11:30a-2:29p
CGS  105,A00,3/19/2020,7:00p-9:59p
CGS  106,A00,3/19/2020,3:00p-5:59p
CGS  117,A00,3/19/2020,7:00p-9:59p
CGS  121,A00,3/19/2020,11:30a-2:29p
CGS  123,A00,3/18/2020,7:00p-9:59p
CHEM 1,A00,3/16/2020,11:30a-2:29p
CHEM 6A,A00,3/17/2020,8:00a-10:59a
CHEM 6A,B00,3/18/2020,8:00a-10:59a
CHEM 6B,A00,3/17/2020,7:00p-9:59p
CHEM 6B,B00,3/19/2020,8:00a-10:59a
CHEM 6B,C00,3/17/2020,11:30a-2:29p
CHEM 6B,D00,3/17/2020,3:00p-5:59p
CHEM 6B,E00,3/19/2020,7:00p-9:59p
CHEM 6B,F00,3/17/2020,8:00a-10:59a
CHEM 6B,G00,3/20/2020,8:00a-10:59a
CHEM 6BH,A00,3/17/2020,8:00a-10:59a
CHEM 6C,A00,3/20/2020,8:00a-10:59a
CHEM 12,A00,3/18/2020,3:00p-5:59p
CHEM 40A,A00,3/18/2020,11:30a-2:29p
CHEM 40A,B00,3/18/2020,11:30a-2:29p
CHEM 40A,C00,3/19/2020,11:30a-2:29p
CHEM 40B,A00,3/19/2020,7:00p-9:59p
CHEM 40B,B00,3/19/2020,11:30a-2:29p
CHEM 40B,D00,3/17/2020,7:00p-9:59p
CHEM 40B,E00,3/17/2020,11:30a-2:29p
CHEM 40BH,A00,3/19/2020,11:30a-2:29p
CHEM 40C,A00,3/18/2020,3:00p-5:59p
CHEM 43A,A00,3/16/2020,7:00p-9:59p
CHEM 43A,B00,3/18/2020,7:00p-9:59p
CHEM 100A,A00,3/20/2020,3:00p-5:59p
CHEM 100B,A00,3/16/2020,8:00a-10:59a
CHEM 100B,B00,3/16/2020,8:00a-10:59a
CHEM 114A,A00,3/20/2020,11:30a-2:29p
CHEM 114B,A00,3/16/2020,11:30a-2:29p
CHEM 115,A00,3/17/2020,3:00p-5:59p
CHEM 116,A00,3/19/2020,3:00p-5:59p
CHEM 125,A00,3/19/2020,3:00p-5:59p
CHEM 126B,A00,3/19/2020,11:30a-2:29p
CHEM 131,A00,3/17/2020,7:00p-9:59p
CHEM 134,A00,3/20/2020,11:30a-2:29p
CHEM 143B,A00,3/16/2020,7:00p-9:59p
CHEM 145,A00,3/17/2020,8:00a-10:59a
CHEM 151,A00,3/17/2020,3:00p-5:59p
CHEM 156,A00,3/17/2020,8:00a-10:59a
CHEM 164,A00,3/17/2020,8:00a-10:59a
CHEM 165,A00,3/16/2020,11:30a-2:29p
CHEM 168,A00,3/17/2020,3:00p-5:59p
CHEM 172,A00,3/17/2020,11:30a-2:29p
CHEM 187,A00,3/17/2020,11:30a-2:29p
CHEM 194,A00,3/18/2020,7:00p-9:59p
CHIN 10BD,A00,3/17/2020,8:00a-10:59a
CHIN 10BD,B00,3/19/2020,11:30a-2:29p
CHIN 10BM,A00,3/19/2020,8:00a-10:59a
CHIN 10BN,A00,3/19/2020,11:30a-2:29p
CHIN 10BN,B00,3/19/2020,3:00p-5:59p
CHIN 10BN,C00,3/17/2020,3:00p-5:59p
CHIN 20BD,A00,3/19/2020,3:00p-5:59p
CHIN 20BM,A00,3/17/2020,11:30a-2:30p
CHIN 20BN,A00,3/17/2020,8:00a-10:59a
CHIN 20BN,B00,3/19/2020,3:00p-5:59p
CHIN 100BM,A00,3/19/2020,11:30a-2:29p
CHIN 100BN,A00,3/19/2020,11:30a-2:29p
CHIN 169A,A00,3/17/2020,3:00p-5:59p
CHIN 185A,A00,3/17/2020,11:30a-2:29p
COGS 1,A00,3/19/2020,11:30a-2:29p
COGS 2,A00,3/20/2020,11:30a-2:29p
COGS 3,A00,3/20/2020,8:00a-10:59a
COGS 9,A00,3/19/2020,11:30a-2:29p
COGS 11,A00,3/19/2020,11:30a-2:29p
COGS 14A,A00,3/16/2020,3:00p-5:59p
COGS 14B,A00,3/16/2020,11:30a-2:29p
COGS 17,A00,3/17/2020,3:00p-5:59p
COGS 100,A00,3/19/2020,7:00p-9:59p
COGS 101A,A00,3/20/2020,8:00a-10:59a
COGS 101B,A00,3/16/2020,3:00p-5:59p
COGS 101C,A00,3/19/2020,7:00p-9:59p
COGS 107A,A00,3/19/2020,3:00p-5:59p
COGS 107B,A00,3/16/2020,11:30a-2:29p
COGS 108,A00,3/19/2020,8:00a-10:59a
COGS 111,A00,3/20/2020,8:00a-10:59a
COGS 115,A00,3/19/2020,8:00a-10:59a
COGS 118A,A00,3/17/2020,11:30a-2:29p
COGS 120,A00,3/17/2020,8:00a-10:59a
COGS 143,A00,3/17/2020,11:30a-2:29p
COGS 151,A00,3/17/2020,8:00a-10:59a
COGS 152,A00,3/17/2020,3:00p-5:59p
COGS 156,A00,3/20/2020,8:00a-10:59a
COGS 160,A00,3/20/2020,8:00a-10:59a
COGS 160,B00,3/17/2020,11:30a-2:29p
COGS 169,A00,3/19/2020,11:30a-2:29p
COGS 170,A00,3/18/2020,8:00a-10:59a
COGS 172,A00,3/19/2020,3:00p-5:59p
COGS 174,A00,3/19/2020,3:00p-5:59p
COGS 180,A00,3/19/2020,11:30a-2:29p
COGS 187B,A00,3/19/2020,3:00p-5:59p
COGS 189,A00,3/18/2020,8:00a-10:59a
DSGN 1,A00,3/17/2020,8:00a-10:59a
COMM 10,A00,3/16/2020,11:30a-2:29p
COMM 100B,A00,3/17/2020,11:30a-2:29p
COMM 101,A00,3/16/2020,7:00p-9:59p
COMM 101K,A00,3/16/2020,3:00p-5:59p
COMM 101T,A00,3/19/2020,3:00p-5:59p
COMM 109I,A00,3/19/2020,7:00p-9:59p
COMM 109P,A00,3/19/2020,3:00p-5:59p
COMM 111P,A00,3/19/2020,8:00a-10:59a
COMM 112G,A00,3/16/2020,11:30a-2:29p
COMM 113T,A00,3/17/2020,3:00p-5:59p
COMM 113T,D00,3/17/2020,11:30a-2:30p
COMM 114D,A00,3/17/2020,8:00a-10:59a
COMM 129,A00,3/16/2020,11:30a-2:29p
COMM 132,A00,3/19/2020,7:00p-9:59p
COMM 134,A00,3/17/2020,11:30a-2:29p
COMM 136,A00,3/19/2020,3:00p-5:59p
COMM 138,A00,3/19/2020,7:00p-9:59p
COMM 146,A00,3/17/2020,11:30a-2:29p
COMM 166,A00,3/17/2020,3:00p-5:59p
COMM 171,A00,3/20/2020,8:00a-10:59a
COMM 180,A00,3/17/2020,11:30a-2:29p
COMM 182,A00,3/20/2020,8:00a-10:59a
CSE  8A,A00,3/14/2020,11:30a-2:29p
CSE  8A,B00,3/14/2020,11:30a-2:29p
CSE  8B,B00,3/20/2020,7:00p-9:59p
CSE  8B,C00,3/20/2020,7:00p-9:59p
CSE  8B,D00,3/20/2020,7:00p-9:59p
CSE  11,A00,3/20/2020,3:00p-5:59p
CSE  11,B00,3/16/2020,11:30a-2:29p
CSE  12,A00,3/17/2020,3:00p-5:59p
CSE  12,B00,3/19/2020,8:00a-10:59a
CSE  15L,A00,3/20/2020,11:30a-2:29p
CSE  15L,B00,3/16/2020,3:00p-5:59p
CSE  15L,C00,3/18/2020,3:00p-5:59p
CSE  20,A00,3/18/2020,11:30a-2:29p
CSE  20,B00,3/16/2020,8:00a-10:59a
CSE  21,A00,3/19/2020,3:00p-5:59p
CSE  21,B00,3/19/2020,3:00p-5:59p
CSE  30,A00,3/16/2020,3:00p-5:59p
CSE  100,A00,3/20/2020,11:30a-2:29p
CSE  100,B00,3/20/2020,8:00a-10:59a
CSE  101,A00,3/18/2020,3:00p-5:59p
CSE  105,A00,3/17/2020,7:00p-9:59p
CSE  105,B00,3/17/2020,7:00p-9:59p
CSE  110,A00,3/20/2020,11:30a-2:29p
CSE  120,A00,3/14/2020,7:00p-9:59p
CSE  120,B00,3/14/2020,7:00p-9:59p
CSE  124,A00,3/16/2020,8:00a-10:59a
CSE  127,A00,3/16/2020,7:00p-9:59p
CSE  130,A00,3/18/2020,8:00a-10:59a
CSE  132A,A00,3/19/2020,7:00p-9:59p
CSE  135,A00,3/16/2020,8:00a-10:59a
CSE  140,A00,3/18/2020,11:30a-2:29p
CSE  140,B00,3/19/2020,11:30a-2:29p
CSE  140L,A00,3/20/2020,3:00p-5:59p
CSE  140L,B00,3/20/2020,3:00p-5:59p
CSE  141,A00,3/14/2020,8:00a-10:59a
CSE  141,B00,3/14/2020,8:00a-10:59a
CSE  141L,A00,3/18/2020,3:00p-5:59p
CSE  141L,B00,3/18/2020,3:00p-5:59p
CSE  141L,C00,3/18/2020,8:00a-10:59a
CSE  150A,A00,3/19/2020,3:00p-5:59p
CSE  150A,B00,3/16/2020,11:30a-2:29p
CSE  150A,C00,3/19/2020,7:00p-9:59p
CSE  151A,A00,3/18/2020,11:30a-2:29p
CSE  152,A00,3/18/2020,7:00p-9:59p
CSE  167,A00,3/18/2020,7:00p-9:59p
CSE  169,A00,3/19/2020,7:00p-9:59p
CSE  170,A00,3/17/2020,8:00a-10:59a
CSE  181,A00,3/18/2020,7:00p-9:59p
CSE  190,A00,3/20/2020,11:30a-2:29p
CSE  190,B00,3/19/2020,11:30a-2:29p
CSE  190,D00,3/19/2020,11:30a-2:29p
DOC  2,A00,3/20/2020,8:00a-10:59a
DOC  2,B00,3/16/2020,11:30a-2:29p
DOC  2,C00,3/16/2020,3:00p-5:59p
DOC  2,D00,3/18/2020,3:00p-5:59p
DOC  100D,A00,3/20/2020,3:00p-5:59p
DOC  100D,B00,3/16/2020,7:00p-9:59p
DSC  10,A00,3/19/2020,3:00p-5:59p
DSC  20,A00,3/19/2020,8:00a-10:59a
DSC  30,A00,3/17/2020,8:00a-10:59a
DSC  40A,A00,3/17/2020,3:00p-5:59p
DSC  40B,A00,3/18/2020,3:00p-5:59p
DSC  40B,B00,3/18/2020,3:00p-5:59p
DSC  80,A00,3/19/2020,11:30a-2:29p
DSC  100,A00,3/18/2020,7:00p-9:59p
DSC  102,A00,3/17/2020,11:30a-2:29p
DSC  106,A00,3/20/2020,3:00p-5:59p
ECE  15,A00,3/17/2020,8:00a-10:59a
ECE  16,A00,3/17/2020,8:00a-10:59a
ECE  25,A00,3/16/2020,7:00p-9:59p
ECE  30,A00,3/19/2020,11:30a-2:29p
ECE  35,A00,3/19/2020,7:00p-9:59p
ECE  45,A00,3/17/2020,3:00p-5:59p
ECE  65,A00,3/20/2020,11:30a-2:29p
ECE  100,A00,3/17/2020,7:00p-9:59p
ECE  101,A00,3/18/2020,11:30a-2:29p
ECE  102,A00,3/17/2020,8:00a-10:59a
ECE  103,A00,3/16/2020,11:30a-2:29p
ECE  107,A00,3/19/2020,8:00a-10:59a
ECE  121B,A00,3/19/2020,7:00p-9:59p
ECE  125A,A00,3/17/2020,7:00p-9:59p
ECE  128B,A00,3/20/2020,8:00a-10:59a
ECE  134,A00,3/19/2020,11:30a-2:29p
ECE  135B,A00,3/17/2020,8:00a-10:59a
ECE  140A,A00,3/19/2020,3:00p-5:59p
ECE  141A,A00,3/17/2020,8:00a-10:59a
ECE  143,A00,3/16/2020,7:00p-9:59p
ECE  144,A00,3/18/2020,8:00a-10:59a
ECE  153,A00,3/16/2020,3:00p-5:59p
ECE  157A,A00,3/16/2020,7:00p-9:59p
ECE  159,A00,3/17/2020,11:30a-2:29p
ECE  161B,A00,3/19/2020,8:00a-10:59a
ECE  172A,A00,3/17/2020,3:00p-5:59p
ECE  175A,A00,3/19/2020,7:00p-9:59p
ECE  181,A00,3/19/2020,3:00p-5:59p
ECE  183,A00,3/17/2020,11:30a-2:29p
ECE  191,A00,3/16/2020,11:30a-2:29p
ECON 1,A00,3/16/2020,11:30a-2:29p
ECON 2,A00,3/18/2020,11:30a-2:29p
ECON 2,B00,3/20/2020,11:30a-2:29p
ECON 3,A00,3/18/2020,8:00a-10:59a
ECON 3,B00,3/20/2020,8:00a-10:59a
ECON 4,A00,3/17/2020,7:00p-9:59p
ECON 5,A00,3/20/2020,3:00p-5:59p
ECON 100A,A00,3/19/2020,7:00p-9:59p
ECON 100B,A00,3/16/2020,3:00p-5:59p
ECON 100B,B00,3/16/2020,7:00p-9:59p
ECON 100B,C00,3/18/2020,7:00p-9:59p
ECON 100BH,A00,3/19/2020,7:00p-9:59p
ECON 100BH,B00,3/19/2020,7:00p-9:59p
ECON 100C,A00,3/20/2020,11:30a-2:29p
ECON 100C,B00,3/16/2020,3:00p-5:59p
ECON 101,A00,3/19/2020,11:30a-2:29p
ECON 109T,A00,3/18/2020,8:00a-10:59a
ECON 110A,A00,3/20/2020,8:00a-10:59a
ECON 110B,A00,3/19/2020,11:30a-2:29p
ECON 110BH,A00,3/17/2020,3:00p-5:59p
ECON 111,A00,3/17/2020,11:30a-2:29p
ECON 112,A00,3/19/2020,3:00p-5:59p
ECON 120A,A00,3/14/2020,11:30a-2:29p
ECON 120A,B00,3/14/2020,11:30a-2:29p
ECON 120A,C00,3/14/2020,11:30a-2:29p
ECON 120B,A00,3/21/2020,3:00p-5:59p
ECON 120B,B00,3/21/2020,3:00p-5:59p
ECON 120B,C00,3/21/2020,3:00p-5:59p
ECON 120B,D00,3/21/2020,3:00p-5:59p
ECON 120BH,A00,3/21/2020,11:30a-2:29p
ECON 120C,A00,3/14/2020,3:00p-5:59p
ECON 120C,B00,3/14/2020,3:00p-5:59p
ECON 121,A00,3/20/2020,11:30a-2:29p
ECON 121,B00,3/16/2020,3:00p-5:59p
ECON 131,A00,3/19/2020,7:00p-9:59p
ECON 132,A00,3/16/2020,7:00p-9:59p
ECON 136,A00,3/14/2020,11:30a-2:29p
ECON 136,B00,3/14/2020,11:30a-2:29p
ECON 140,A00,3/16/2020,7:00p-9:59p
ECON 140,B00,3/18/2020,7:00p-9:59p
ECON 143,A00,3/17/2020,3:00p-5:59p
ECON 145,A00,3/20/2020,3:00p-5:59p
ECON 151,A00,3/17/2020,3:00p-5:59p
ECON 165,A00,3/19/2020,3:00p-5:59p
ECON 171,A00,3/18/2020,11:30a-2:29p
ECON 172A,A00,3/20/2020,11:30a-2:29p
ECON 172B,A00,3/18/2020,8:00a-10:59a
ECON 173A,A00,3/16/2020,3:00p-5:59p
ECON 173A,B00,3/18/2020,3:00p-5:59p
ECON 173B,A00,3/17/2020,8:00a-10:59a
ECON 176,A00,3/16/2020,11:30a-2:29p
ECON 178,A00,3/19/2020,11:30a-2:29p
ECON 178,B00,3/17/2020,11:30a-2:29p
EDS  23,A00,3/20/2020,11:30a-2:29p
EDS  23,C00,3/17/2020,8:00a-10:59a
EDS  25,A00,3/19/2020,3:00p-5:59p
EDS  30,A00,3/17/2020,8:00a-10:59a
EDS  112,A00,3/17/2020,11:30a-2:29p
EDS  119,A00,3/20/2020,8:00a-10:59a
EDS  121A,A00,3/19/2020,11:30a-2:29p
EDS  122,A00,3/17/2020,11:30a-2:29p
EDS  125,A00,3/17/2020,8:00a-10:59a
EDS  126,A00,3/16/2020,7:00p-9:59p
ENVR 120,A00,3/18/2020,11:30a-2:29p
ESYS 102,A00,3/16/2020,11:30a-2:29p
ETHN 2,A00,3/20/2020,11:30a-2:29p
ETHN 101,A00,3/17/2020,8:00a-10:59a
ETHN 113,A00,3/19/2020,7:00p-9:59p
ETHN 118,A00,3/17/2020,8:00a-10:59a
ETHN 121,A00,3/17/2020,11:30a-2:29p
ETHN 151,A00,3/16/2020,7:00p-9:59p
ETHN 179,A00,3/19/2020,11:30a-2:29p
ETHN 185,A00,3/20/2020,3:00p-5:59p
ETHN 189,A00,3/17/2020,3:00p-5:59p
FMPH 40,A00,3/20/2020,11:30a-2:29p
FMPH 50,A00,3/19/2020,8:00a-10:59a
FMPH 101,A00,3/17/2020,11:30a-2:29p
FMPH 102,A00,3/20/2020,8:00a-10:59a
FMPH 110,A00,3/14/2020,8:00a-10:59a
FMPH 110,B00,3/14/2020,8:00a-10:59a
FMPH 120,A00,3/17/2020,11:30a-2:29p
FMPH 130,A00,3/19/2020,11:30a-2:29p
FMPH 191,A00,3/16/2020,11:30a-2:29p
FMPH 193,A00,3/18/2020,11:30a-2:29p
FMPH 193,B00,3/18/2020,3:00p-5:59p
FMPH 193,C00,3/19/2020,7:00p-9:59p
FMPH 193,D00,3/18/2020,8:00a-10:59a
FMPH 193,E00,3/19/2020,3:00p-5:59p
FMPH 196B,A00,3/17/2020,11:30a-2:29p
GLBH 20,A00,3/18/2020,3:00p-5:59p
GLBH 129,A00,3/19/2020,3:00p-5:59p
GLBH 148,A00,3/17/2020,11:30a-2:29p
GLBH 150,A00,3/16/2020,7:00p-9:59p
GLBH 160,A00,3/19/2020,7:00p-9:59p
GLBH 171R,A00,3/17/2020,7:00p-9:59p
HDS  60,A00,3/16/2020,11:30a-2:29p
HDS  110,A00,3/18/2020,8:00a-10:59a
HDS  133,A00,3/18/2020,11:30a-2:29p
HDS  171,A00,3/17/2020,11:30a-2:29p
HDS  175,A00,3/19/2020,3:00p-5:59p
HIAF 111,A00,3/17/2020,11:30a-2:29p
HIEA 115,A00,3/19/2020,3:00p-5:59p
HIEA 132,A00,3/19/2020,8:00a-10:59a
HIEA 137,A00,3/19/2020,11:30a-2:29p
HIEU 115,A00,3/17/2020,11:30a-2:29p
HIEU 128,A00,3/19/2020,7:00p-9:59p
HIEU 139,A00,3/17/2020,11:30a-2:29p
HIEU 151,A00,3/19/2020,8:00a-10:59a
HIEU 183,A00,3/18/2020,8:00a-10:59a
HILA 100,A00,3/20/2020,11:30a-2:29p
HILA 102,A00,3/19/2020,3:00p-5:59p
HILA 103,A00,3/19/2020,7:00p-9:59p
HILA 121B,A00,3/19/2020,7:00p-9:59p
HILA 144,A00,3/17/2020,3:00p-5:59p
HILD 2B,A00,3/16/2020,11:30a-2:29p
HILD 7B,A00,3/17/2020,8:00a-10:59a
HILD 11,A00,3/19/2020,3:00p-5:59p
HILD 30,A00,3/18/2020,11:30a-2:29p
HINE 109,A00,3/17/2020,11:30a-2:29p
HINE 116,A00,3/19/2020,8:00a-10:59a
HINE 120,A00,3/20/2020,8:00a-10:59a
HISC 106,A00,3/19/2020,7:00p-9:59p
HITO 119,A00,3/16/2020,7:00p-9:59p
HITO 133,A00,3/16/2020,11:30a-2:29p
HIUS 104,A00,3/16/2020,11:30a-2:29p
HIUS 144,A00,3/17/2020,7:00p-9:59p
HIUS 152A,A00,3/18/2020,8:00a-10:59a
HMNR 100,A00,3/16/2020,7:00p-9:59p
HUM  1,A00,3/20/2020,8:00a-10:59a
HUM  1,B00,3/17/2020,11:30a-2:29p
HUM  1,C00,3/19/2020,3:00p-5:59p
HUM  1,D00,3/18/2020,11:30a-2:29p
HUM  4,A00,3/20/2020,11:30a-2:29p
HUM  4,B00,3/18/2020,8:00a-10:59a
JAPN 10B,A00,3/19/2020,8:00a-10:59a
JAPN 10B,B00,3/17/2020,8:00a-10:59a
JAPN 10B,C00,3/17/2020,8:00a-10:59a
JAPN 10B,D00,3/19/2020,11:30a-2:29p
JAPN 10B,E00,3/17/2020,7:00p-9:59p
JAPN 10B,F00,3/19/2020,11:30a-2:29p
JAPN 10B,G00,3/17/2020,11:30a-2:29p
JAPN 10B,H00,3/17/2020,11:30a-2:29p
JAPN 10B,I00,3/17/2020,11:30a-2:29p
JAPN 10B,J00,3/19/2020,8:00a-10:59a
JAPN 10B,K00,3/19/2020,3:00p-5:59p
JAPN 10B,L00,3/17/2020,3:00p-5:59p
JAPN 10B,M00,3/17/2020,3:00p-5:59p
JAPN 10B,N00,3/19/2020,7:00p-9:59p
JAPN 20B,A00,3/17/2020,8:00a-10:59a
JAPN 20B,B00,3/19/2020,8:00a-10:59a
JAPN 20B,C00,3/17/2020,11:30a-2:29p
JAPN 20B,D00,3/19/2020,3:00p-5:59p
JAPN 20B,E00,3/17/2020,3:00p-5:59p
JAPN 130B,A00,3/19/2020,11:30a-2:29p
JAPN 130B,B00,3/19/2020,3:00p-5:59p
JAPN 135B,A00,3/17/2020,3:00p-5:59p
JAPN 140B,A00,3/19/2020,3:00p-5:59p
JAPN 150A,A00,3/19/2020,11:30a-2:29p
JWSP 2,A00,3/18/2020,8:00a-10:59a
LATI 50,A00,3/17/2020,8:00a-10:59a
LIAB 1BX,A00,3/17/2020,8:00a-10:59a
LIAB 1BX,B00,3/17/2020,11:30a-2:29p
LIAB 1EX,A00,3/19/2020,3:00p-5:59p
LIFR 1BX,B00,3/17/2020,8:00a-10:59a
LIFR 1BX,C00,3/19/2020,11:30a-2:29p
LIFR 1CX,A00,3/17/2020,11:30a-2:29p
LIFR 1CX,B00,3/19/2020,3:00p-5:59p
LIGM 1BX,B00,3/19/2020,11:30a-2:29p
LIGM 1BX,C00,3/17/2020,11:30a-2:29p
LIGN 6,A00,3/20/2020,8:00a-10:59a
LIGN 8,A00,3/17/2020,8:00a-10:59a
LIGN 17,A00,3/16/2020,11:30a-2:29p
LIGN 101,A00,3/17/2020,11:30a-2:29p
LIGN 111,A00,3/17/2020,8:00a-10:59a
LIGN 119,A00,3/20/2020,8:00a-10:59a
LIGN 121,A00,3/16/2020,11:30a-2:29p
LIGN 171,A00,3/19/2020,3:00p-5:59p
LIGN 176,A00,3/20/2020,11:30a-2:29p
LIHL 112W,A00,3/17/2020,8:00a-10:59a
LIHL 114W,A00,3/19/2020,11:30a-2:29p
LIHL 115W,A00,3/17/2020,3:00p-5:59p
LIHL 117W,A00,3/17/2020,8:00a-10:59a
LIHL 119W,A00,3/19/2020,3:00p-5:59p
LIHL 124W,A00,3/19/2020,3:00p-5:59p
LIHL 132W,A00,3/19/2020,11:30a-2:29p
LIHL 134W,A00,3/17/2020,8:00a-10:59a
LIHL 137W,A00,3/17/2020,11:30a-2:29p
LIIT 1BX,A00,3/19/2020,11:30a-2:29p
LIPO 1BX,A00,3/17/2020,3:00p-5:59p
LIPO 17,A00,3/20/2020,1:00p-2:29p
LISL 1BX,A00,3/19/2020,8:00a-10:59a
LISL 1BX,B00,3/17/2020,8:00a-10:59a
LISL 1BX,C00,3/19/2020,11:30a-2:29p
LISL 1BX,D00,3/17/2020,11:30a-2:29p
LISL 1CX,A00,3/19/2020,3:00p-5:59p
LISL 1CX,B00,3/17/2020,3:00p-5:59p
LISL 1E,A00,3/17/2020,8:00a-10:59a
LISP 1BX,A00,3/14/2020,7:00p-9:59p
LISP 1BX,B00,3/14/2020,7:00p-9:59p
LISP 1BX,C00,3/14/2020,7:00p-9:59p
LISP 1BX,D00,3/14/2020,7:00p-9:59p
LISP 1CX,A00,3/14/2020,7:00p-9:59p
LISP 1CX,B00,3/14/2020,7:00p-9:59p
LISP 1CX,C00,3/14/2020,7:00p-9:59p
LISP 1CX,D00,3/14/2020,7:00p-9:59p
LISP 1CX,E00,3/14/2020,7:00p-9:59p
LISP 1CX,F00,3/14/2020,7:00p-9:59p
LISP 1CX,G00,3/14/2020,7:00p-9:59p
LISP 1CX,I00,3/14/2020,7:00p-9:59p
LISP 16,A00,3/20/2020,11:30a-2:29p
LISP 16,B00,3/16/2020,3:00p-5:59p
LTAM 110,A00,3/19/2020,11:30a-2:29p
LTCS 52,A00,3/17/2020,3:00p-5:59p
LTCS 150,A00,3/18/2020,11:30a-2:29p
LTEA 120B,A00,3/17/2020,7:00p-9:59p
LTEA 141,A00,3/16/2020,7:00p-9:59p
LTEN 22,A00,3/18/2020,7:00p-9:59p
LTEN 25,A00,3/20/2020,8:00a-10:59a
LTEN 27,A00,3/17/2020,11:30a-2:29p
LTEN 112,A00,3/19/2020,3:00p-5:59p
LTEN 127,A00,3/17/2020,7:00p-9:59p
LTEN 144,B00,3/19/2020,8:00a-10:59a
LTEN 148,A00,3/19/2020,7:00p-9:59p
LTEN 155,A00,3/16/2020,7:00p-9:59p
LTEN 158,A00,3/16/2020,11:30a-2:29p
LTEN 159,A00,3/18/2020,8:00a-10:59a
LTEU 105,A00,3/18/2020,8:00a-10:59a
LTEU 140,A00,3/20/2020,3:00p-5:59p
LTFR 2B,A00,3/18/2020,8:00a-10:59a
LTFR 2C,A00,3/17/2020,8:00a-10:59a
LTFR 116,A00,3/19/2020,3:00p-5:59p
LTFR 142,A00,3/17/2020,11:30a-2:29p
LTGK 2,A00,3/18/2020,3:00p-5:59p
LTGM 2B,A00,3/18/2020,8:00a-10:59a
LTIT 2B,A00,3/18/2020,11:30a-2:29p
LTIT 115,A00,3/18/2020,8:00a-10:59a
LTKO 1B,A00,3/18/2020,8:00a-10:59a
LTKO 1B,B00,3/20/2020,8:00a-10:59a
LTKO 1B,C00,3/16/2020,11:30a-2:29p
LTKO 1B,D00,3/18/2020,11:30a-2:29p
LTKO 1B,E00,3/20/2020,11:30a-2:29p
LTKO 1B,F00,3/16/2020,3:00p-5:59p
LTKO 1B,G00,3/18/2020,3:00p-5:59p
LTKO 1B,H00,3/20/2020,3:00p-5:59p
LTKO 2B,A00,3/16/2020,3:00p-5:59p
LTKO 2B,B00,3/20/2020,3:00p-5:59p
LTKO 2B,C00,3/18/2020,3:00p-5:59p
LTKO 3,A00,3/16/2020,7:00p-9:59p
LTKO 100,A00,3/18/2020,7:00p-9:59p
LTLA 2,A00,3/18/2020,11:30a-2:29p
LTLA 103,A00,3/20/2020,11:30a-2:29p
LTRU 1B,A00,3/17/2020,8:00a-10:59a
LTRU 2B,A00,3/19/2020,3:00p-5:59p
LTRU 104C,A00,3/17/2020,3:00p-5:59p
LTSP 2B,A00,3/16/2020,11:30a-2:29p
LTSP 2B,B00,3/18/2020,11:30a-2:29p
LTSP 2B,C00,3/20/2020,11:30a-2:29p
LTSP 2C,A00,3/20/2020,8:00a-10:59a
LTSP 2C,B00,3/18/2020,11:30a-2:29p
LTSP 2C,C00,3/20/2020,11:30a-2:29p
LTSP 2E,A00,3/20/2020,8:00a-10:59a
LTSP 2E,B00,3/16/2020,11:30a-2:29p
LTSP 2E,C00,3/18/2020,11:30a-2:29p
LTSP 50B,A00,3/16/2020,11:30a-2:29p
LTSP 134,A00,3/18/2020,11:30a-2:29p
LTSP 135B,A00,3/16/2020,3:00p-5:59p
LTTH 115,A00,3/20/2020,11:30a-2:29p
LTWL 100,A00,3/19/2020,3:00p-5:59p
LTWL 114,A00,3/17/2020,8:00a-10:59a
LTWL 155,A00,3/17/2020,3:00p-5:59p
LTWL 155,B00,3/19/2020,7:00p-9:59p
LTWL 165,A00,3/16/2020,7:00p-9:59p
LTWL 177,A00,3/16/2020,3:00p-5:59p
LTWL 184,A00,3/18/2020,7:00p-9:59p
LTWR 8A,A00,3/20/2020,11:30a-2:29p
LTWR 8C,A00,3/19/2020,11:30a-2:29p
LTWR 140,A00,3/18/2020,8:00a-10:59a
LTWR 143,A00,3/16/2020,7:00p-9:59p
MAE  5,A00,3/19/2020,8:00a-10:59a
MAE  8,A00,3/17/2020,3:00p-5:59p
MAE  11,A00,3/17/2020,8:00a-10:59a
MAE  20,A00,3/16/2020,8:00a-10:59a
MAE  30A,A00,3/20/2020,3:00p-5:59p
MAE  30B,A00,3/17/2020,11:30a-2:29p
MAE  40,A00,3/19/2020,11:30a-2:29p
MAE  101A,A00,3/17/2020,11:30a-2:29p
MAE  101A,B00,3/17/2020,3:00p-5:59p
MAE  101B,A00,3/16/2020,8:00a-10:59a
MAE  101B,B00,3/17/2020,8:00a-10:59a
MAE  107,A00,3/16/2020,11:30a-2:29p
MAE  113,A00,3/16/2020,8:00a-10:59a
MAE  118,A00,3/19/2020,7:00p-9:59p
MAE  119,A00,3/20/2020,3:00p-5:59p
MAE  123,A00,3/16/2020,11:30a-2:29p
MAE  126A,A00,3/16/2020,7:00p-9:59p
MAE  130,A00,3/20/2020,3:00p-5:59p
MAE  131B,A00,3/19/2020,7:00p-9:59p
MAE  133,A00,3/17/2020,8:00a-10:59a
MAE  142,A00,3/16/2020,3:00p-5:59p
MAE  143A,A00,3/18/2020,3:00p-5:59p
MAE  143A,B00,3/17/2020,7:00p-9:59p
MAE  143B,A00,3/19/2020,3:00p-5:59p
MAE  145,A00,3/18/2020,8:00a-10:59a
MAE  150,A00,3/17/2020,3:00p-5:59p
MAE  154,A00,3/18/2020,11:30a-2:29p
MAE  155A,A00,3/18/2020,3:00p-5:59p
MAE  155A,B00,3/19/2020,3:00p-5:59p
MAE  156A,A00,3/17/2020,3:00p-5:59p
MAE  156A,B00,3/17/2020,3:00p-5:59p
MAE  156B,A00,3/18/2020,11:30a-2:29p
MAE  156B,B00,3/18/2020,11:30a-2:29p
MAE  160,A00,3/17/2020,8:00a-10:59a
MAE  171A,A00,3/16/2020,7:00p-9:59p
MAE  175A,A00,3/16/2020,7:00p-9:59p
MAE  181,A00,3/17/2020,11:30a-2:29p
MAE  190,A00,3/19/2020,11:30a-2:29p
MATH 2,A00,3/20/2020,8:00a-10:59a
MATH 3C,A00,3/20/2020,8:00a-10:59a
MATH 4C,A00,3/16/2020,3:00p-5:59p
MATH 10A,A00,3/16/2020,8:00a-10:59a
MATH 10A,B00,3/20/2020,3:00p-5:59p
MATH 10B,A00,3/14/2020,8:00a-10:59a
MATH 10B,B00,3/14/2020,8:00a-10:59a
MATH 10B,C00,3/14/2020,8:00a-10:59a
MATH 10C,A00,3/18/2020,8:00a-10:59a
MATH 10C,B00,3/20/2020,3:00p-5:59p
MATH 11,A00,3/16/2020,8:00a-10:59a
MATH 11,B00,3/18/2020,11:30a-2:29p
MATH 15A,A00,3/18/2020,11:30a-2:29p
MATH 18,A00,3/20/2020,8:00a-10:59a
MATH 18,B00,3/16/2020,3:00p-5:59p
MATH 18,C00,3/18/2020,3:00p-5:59p
MATH 18,D00,3/16/2020,7:00p-9:59p
MATH 18,E00,3/16/2020,8:00a-10:59a
MATH 20A,A00,3/18/2020,8:00a-10:59a
MATH 20A,B00,3/16/2020,11:30a-2:29p
MATH 20B,A00,3/14/2020,3:00p-5:59p
MATH 20B,B00,3/14/2020,3:00p-5:59p
MATH 20B,C00,3/14/2020,3:00p-5:59p
MATH 20B,D00,3/14/2020,3:00p-5:59p
MATH 20C,A00,3/18/2020,8:00a-10:59a
MATH 20C,B00,3/20/2020,8:00a-10:59a
MATH 20C,C00,3/16/2020,3:00p-5:59p
MATH 20C,D00,3/18/2020,11:30a-2:29p
MATH 20C,E00,3/18/2020,3:00p-5:59p
MATH 20D,A00,3/20/2020,11:30a-2:29p
MATH 20D,B00,3/18/2020,3:00p-5:59p
MATH 20D,C00,3/16/2020,8:00a-10:59a
MATH 20D,D00,3/20/2020,3:00p-5:59p
MATH 20E,A00,3/18/2020,8:00a-10:59a
MATH 20E,B00,3/20/2020,3:00p-5:59p
MATH 20E,C00,3/18/2020,3:00p-5:59p
MATH 31BH,A00,3/20/2020,8:00a-10:59a
MATH 95,A00,3/17/2020,8:00a-10:59a
MATH 100B,A00,3/16/2020,11:30a-2:29p
MATH 102,A00,3/18/2020,11:30a-2:29p
MATH 102,B00,3/20/2020,3:00p-5:59p
MATH 103A,A00,3/18/2020,8:00a-10:59a
MATH 103A,B00,3/16/2020,11:30a-2:29p
MATH 103A,C00,3/18/2020,8:00a-10:59a
MATH 103B,A00,3/16/2020,11:30a-2:29p
MATH 103B,B00,3/19/2020,11:30a-2:29p
MATH 104B,B00,3/19/2020,8:00a-10:59a
MATH 109,A00,3/16/2020,8:00a-10:59a
MATH 109,B00,3/18/2020,8:00a-10:59a
MATH 109,C00,3/16/2020,11:30a-2:29p
MATH 109,D00,3/17/2020,8:00a-10:59a
MATH 109,E00,3/20/2020,11:30a-2:29p
MATH 120A,A00,3/18/2020,11:30a-2:29p
MATH 121A,A00,3/19/2020,11:30a-2:29p
MATH 140A,A00,3/20/2020,11:30a-2:29p
MATH 140B,A00,3/19/2020,3:00p-5:59p
MATH 140B,B00,3/19/2020,3:00p-5:59p
MATH 142A,A00,3/19/2020,8:00a-10:59a
MATH 142A,B00,3/16/2020,3:00p-5:59p
MATH 142A,C00,3/18/2020,3:00p-5:59p
MATH 142B,A00,3/20/2020,11:30a-2:29p
MATH 142B,B00,3/16/2020,7:00p-9:59p
MATH 150B,A00,3/17/2020,8:00a-10:59a
MATH 152,A00,3/19/2020,3:00p-5:59p
MATH 154,A00,3/18/2020,3:00p-5:59p
MATH 155A,A00,3/17/2020,11:30a-2:29p
MATH 157,A00,3/20/2020,11:30a-2:29p
MATH 160B,A00,3/19/2020,11:30a-2:29p
MATH 170A,A00,3/20/2020,8:00a-10:59a
MATH 170A,B00,3/18/2020,3:00p-5:59p
MATH 170B,A00,3/16/2020,3:00p-5:59p
MATH 170B,B00,3/18/2020,3:00p-5:59p
MATH 171A,A00,3/17/2020,3:00p-5:59p
MATH 175,A00,3/16/2020,3:00p-5:59p
MATH 180A,A00,3/18/2020,8:00a-10:59a
MATH 180B,A00,3/20/2020,11:30a-2:29p
MATH 180B,B00,3/20/2020,3:00p-5:59p
MATH 181A,A00,3/18/2020,8:00a-10:59a
MATH 181A,B00,3/20/2020,8:00a-10:59a
MATH 183,A00,3/18/2020,11:30a-2:29p
MATH 184,A00,3/20/2020,11:30a-2:29p
MATH 186,A00,3/18/2020,11:30a-2:29p
MATH 187A,A00,3/16/2020,3:00p-5:59p
MATH 188,A00,3/16/2020,3:00p-5:59p
MATH 189,A00,3/20/2020,3:00p-5:59p
MATH 190B,A00,3/18/2020,11:30a-2:29p
MATH 194,A00,3/18/2020,3:00p-5:59p
MMW  12,A00,3/17/2020,8:00a-10:59a
MMW  12,B00,3/19/2020,11:30a-2:29p
MMW  12,C00,3/20/2020,11:30a-2:29p
MMW  14,A00,3/17/2020,8:00a-10:59a
MMW  14,B00,3/19/2020,3:00p-5:59p
MMW  14,C00,3/17/2020,3:00p-5:59p
MMW  122,A00,3/17/2020,11:30a-2:29p
MMW  122,B00,3/17/2020,3:00p-5:59p
MUS  1B,A00,3/17/2020,8:00a-10:59a
MUS  2B,A00,3/17/2020,8:00a-10:59a
MUS  4,A00,3/19/2020,11:30a-2:29p
MUS  5,A00,3/17/2020,8:00a-10:59a
MUS  9,A00,3/19/2020,11:30a-2:29p
MUS  12,A00,3/17/2020,11:30a-2:29p
MUS  13,A00,3/17/2020,11:30a-2:29p
MUS  15,A00,3/17/2020,7:00p-9:59p
MUS  17,A00,3/18/2020,7:00p-9:59p
MUS  33B,A00,3/16/2020,3:00p-5:59p
MUS  101B,A00,3/18/2020,8:00a-10:59a
MUS  103B,A00,3/16/2020,3:00p-5:59p
MUS  106,A00,3/17/2020,11:30a-2:29p
MUS  111,A00,3/17/2020,8:00a-10:59a
MUS  113,A00,3/20/2020,8:00a-10:59a
MUS  114,A00,3/17/2020,11:30a-2:29p
MUS  120B,A00,3/19/2020,11:30a-2:29p
MUS  127,A00,3/19/2020,11:30a-2:29p
MUS  130,A00,3/19/2020,3:00p-5:59p
MUS  137B,A00,3/17/2020,11:30a-2:29p
MUS  176,A00,3/19/2020,3:00p-5:59p
MUS  176,B00,3/18/2020,8:00a-10:59a
CENG 15,A00,3/20/2020,8:00a-10:59a
CENG 101B,A00,3/17/2020,8:00a-10:59a
CENG 101B,B00,3/19/2020,3:00p-5:59p
CENG 102,A00,3/20/2020,8:00a-10:59a
CENG 102,B00,3/18/2020,3:00p-5:59p
CENG 114,A00,3/17/2020,3:00p-5:59p
CENG 124A,A00,3/20/2020,11:30a-2:29p
CENG 134,A00,3/20/2020,11:30a-2:29p
CENG 157,A00,3/16/2020,3:00p-5:59p
NANO 15,A00,3/20/2020,8:00a-10:59a
NANO 101,A00,3/18/2020,8:00a-10:59a
NANO 101,B00,3/20/2020,8:00a-10:59a
NANO 104,A00,3/16/2020,11:30a-2:29p
NANO 107,A00,3/17/2020,8:00a-10:59a
NANO 111,A00,3/20/2020,8:00a-10:59a
NANO 114,A00,3/17/2020,3:00p-5:59p
NANO 134,A00,3/20/2020,11:30a-2:29p
NANO 158,A00,3/18/2020,8:00a-10:59a
NANO 168,A00,3/16/2020,3:00p-5:59p
PHIL 1,A00,3/19/2020,3:00p-5:59p
PHIL 10,A00,3/20/2020,8:00a-10:59a
PHIL 14,A00,3/19/2020,11:30a-2:29p
PHIL 15,A00,3/17/2020,11:30a-2:29p
PHIL 27,A00,3/20/2020,3:00p-5:59p
PHIL 28,A00,3/16/2020,11:30a-2:29p
PHIL 32,A00,3/16/2020,11:30a-2:29p
PHIL 101,A00,3/18/2020,8:00a-10:59a
PHIL 106,A00,3/19/2020,11:30a-2:29p
PHIL 111,A00,3/20/2020,8:00a-10:59a
PHIL 123,A00,3/19/2020,7:00p-9:59p
PHIL 134,A00,3/16/2020,11:30a-2:29p
PHIL 137,A00,3/19/2020,11:30a-2:29p
PHIL 151,A00,3/17/2020,8:00a-10:59a
PHIL 152,A00,3/19/2020,11:30a-2:29p
PHIL 160,A00,3/18/2020,11:30a-2:29p
PHIL 168,A00,3/20/2020,8:00a-10:59a
PHIL 175,A00,3/17/2020,3:00p-5:59p
PHIL 183,A00,3/16/2020,8:00a-10:59a
PHYS 1A,A00,3/16/2020,3:00p-5:59p
PHYS 1B,A00,3/19/2020,7:00p-9:59p
PHYS 1B,B00,3/19/2020,11:30a-2:29p
PHYS 1B,C00,3/17/2020,3:00p-5:59p
PHYS 1C,A00,3/18/2020,11:30a-2:29p
PHYS 2A,A00,3/18/2020,11:30a-2:29p
PHYS 2A,B00,3/20/2020,11:30a-2:29p
PHYS 2A,C00,3/16/2020,3:00p-5:59p
PHYS 2B,A00,3/19/2020,3:00p-5:59p
PHYS 2C,A00,3/17/2020,11:30a-2:29p
PHYS 2D,A00,3/18/2020,11:30a-2:29p
PHYS 4A,A00,3/19/2020,3:00p-5:59p
PHYS 4D,A00,3/19/2020,3:00p-5:59p
PHYS 7,A00,3/17/2020,8:00a-10:59a
PHYS 10,A00,3/19/2020,3:00p-5:59p
PHYS 12,A00,3/18/2020,3:00p-5:59p
PHYS 100B,A00,3/16/2020,3:00p-5:59p
PHYS 105A,A00,3/18/2020,8:00a-10:59a
PHYS 110B,A00,3/18/2020,11:30a-2:29p
PHYS 116,A00,3/17/2020,11:30a-2:29p
PHYS 124,A00,3/18/2020,8:00a-10:59a
PHYS 130C,A00,3/16/2020,11:30a-2:29p
PHYS 140B,A00,3/20/2020,11:30a-2:29p
PHYS 152A,A00,3/17/2020,8:00a-10:59a
PHYS 160,A00,3/17/2020,8:00a-10:59a
PHYS 176,A00,3/17/2020,11:30a-2:29p
PHYS 178,A00,3/19/2020,8:00a-10:59a
POLI 5D,A00,3/20/2020,3:00p-5:59p
POLI 11D,A00,3/20/2020,8:00a-10:59a
POLI 13D,A00,3/18/2020,8:00a-10:59a
POLI 30D,A00,3/16/2020,11:30a-2:29p
POLI 100B,A00,3/17/2020,8:00a-10:59a
POLI 100C,A00,3/17/2020,11:30a-2:29p
POLI 100E,A00,3/19/2020,11:30a-2:29p
POLI 100I,A00,3/20/2020,8:00a-10:59a
POLI 100W,A00,3/17/2020,3:00p-5:59p
POLI 100X,A00,3/19/2020,8:00a-10:59a
POLI 102D,A00,3/18/2020,7:00p-9:59p
POLI 102G,A00,3/18/2020,7:00p-9:59p
POLI 104B,A00,3/19/2020,7:00p-9:59p
POLI 104J,A00,3/19/2020,11:30a-2:29p
POLI 104N,A00,3/18/2020,7:00p-9:59p
POLI 110B,A00,3/19/2020,3:00p-5:59p
POLI 117,A00,3/18/2020,11:30a-2:29p
POLI 118,A00,3/17/2020,3:00p-5:59p
POLI 120A,A00,3/18/2020,8:00a-10:59a
POLI 120B,A00,3/17/2020,8:00a-10:59a
POLI 125D,A00,3/17/2020,7:00p-9:59p
POLI 127,A00,3/19/2020,11:30a-2:29p
POLI 129,A00,3/17/2020,11:30a-2:29p
POLI 132,A00,3/19/2020,7:00p-9:59p
POLI 134,A00,3/16/2020,11:30a-2:29p
POLI 134J,A00,3/16/2020,3:00p-5:59p
POLI 136,A00,3/20/2020,8:00a-10:59a
POLI 137,A00,3/18/2020,8:00a-10:59a
POLI 138D,A00,3/19/2020,7:00p-9:59p
POLI 142A,A00,3/19/2020,3:00p-5:59p
POLI 146A,A00,3/17/2020,8:00a-10:59a
POLI 153,A00,3/18/2020,3:00p-5:59p
POLI 163,A00,3/20/2020,8:00a-10:59a
POLI 164,A00,3/18/2020,8:00a-10:59a
POLI 174,A00,3/20/2020,11:30a-2:29p
POLI 179,A00,3/17/2020,7:00p-9:59p
PSYC 1,A00,3/18/2020,8:00a-10:59a
PSYC 2,A00,3/16/2020,3:00p-5:59p
PSYC 4,A00,3/17/2020,3:00p-5:59p
PSYC 60,A00,3/20/2020,8:00a-10:59a
PSYC 60,B00,3/19/2020,3:00p-5:59p
PSYC 70,A00,3/20/2020,11:30a-2:29p
PSYC 71,A00,3/20/2020,8:00a-10:59a
PSYC 101,A00,3/18/2020,8:00a-10:59a
PSYC 102,A00,3/18/2020,11:30a-2:29p
PSYC 104,A00,3/18/2020,7:00p-9:59p
PSYC 105,A00,3/17/2020,11:30a-2:29p
PSYC 106,A00,3/19/2020,8:00a-10:59a
PSYC 111A,A00,3/17/2020,8:00a-10:59a
PSYC 114,A00,3/20/2020,11:30a-2:29p
PSYC 115A,A00,3/17/2020,8:00a-10:59a
PSYC 122,A00,3/20/2020,8:00a-10:59a
PSYC 125,A00,3/17/2020,3:00p-5:59p
PSYC 141,A00,3/18/2020,3:00p-5:59p
PSYC 143,A00,3/17/2020,3:00p-5:59p
PSYC 144,A00,3/16/2020,7:00p-9:59p
PSYC 151,A00,3/18/2020,8:00a-10:59a
PSYC 153,A00,3/16/2020,11:30a-2:29p
PSYC 154,A00,3/19/2020,7:00p-9:59p
PSYC 161,A00,3/19/2020,11:30a-2:29p
PSYC 164,A00,3/18/2020,7:00p-9:59p
PSYC 172,A00,3/19/2020,7:00p-9:59p
PSYC 180,A00,3/16/2020,7:00p-9:59p
PSYC 187,A00,3/19/2020,3:00p-5:59p
PSYC 193,C00,3/16/2020,11:30a-2:29p
PSYC 193L,A00,3/19/2020,3:00p-5:59p
RELI 2,A00,3/19/2020,11:30a-2:29p
RELI 101,A00,3/19/2020,3:00p-5:59p
MGT  3,A00,3/17/2020,7:00p-9:59p
MGT  4,A00,3/17/2020,7:00p-9:59p
MGT  5,A00,3/17/2020,8:00a-10:59a
MGT  5,B00,3/17/2020,11:30a-2:29p
MGT  12,A00,3/19/2020,3:00p-5:59p
MGT  12,B00,3/17/2020,3:00p-5:59p
MGT  16,A00,3/19/2020,3:00p-5:59p
MGT  16,B00,3/17/2020,3:00p-5:59p
MGT  16,C00,3/18/2020,8:00a-10:59a
MGT  16,D00,3/16/2020,3:00p-5:59p
MGT  18,A00,3/19/2020,8:00a-10:59a
MGT  18,B00,3/17/2020,8:00a-10:59a
MGT  18,C00,3/17/2020,11:30a-2:29p
MGT  18,D00,3/17/2020,8:00a-10:59a
MGT  45,A00,3/19/2020,11:30a-2:29p
MGT  103,A00,3/16/2020,8:00a-10:59a
MGT  103,B00,3/18/2020,8:00a-10:59a
MGT  103,C00,3/19/2020,3:00p-5:59p
MGT  103,D00,3/17/2020,3:00p-5:59p
MGT  103,E00,3/19/2020,7:00p-9:59p
MGT  103,F00,3/16/2020,11:30a-2:29p
MGT  103,G00,3/16/2020,3:00p-5:59p
MGT  103,H00,3/16/2020,7:00p-9:59p
MGT  105,A00,3/16/2020,3:00p-5:59p
MGT  106,A00,3/18/2020,11:30a-2:29p
MGT  107,A00,3/18/2020,7:00p-9:59p
MGT  112,A00,3/18/2020,11:30a-2:29p
MGT  112,B00,3/16/2020,7:00p-9:59p
MGT  112,C00,3/18/2020,11:30a-2:29p
MGT  112,D00,3/18/2020,3:00p-5:59p
MGT  112,E00,3/16/2020,7:00p-9:59p
MGT  127,A00,3/18/2020,8:00a-10:59a
MGT  131A,A00,3/19/2020,11:30a-2:29p
MGT  131B,A00,3/19/2020,8:00a-10:59a
MGT  135,A00,3/19/2020,11:30a-2:29p
MGT  136,A00,3/18/2020,11:30a-2:29p
MGT  137,A00,3/18/2020,3:00p-5:59p
MGT  139,A00,3/18/2020,7:00p-9:59p
MGT  153,A00,3/18/2020,3:00p-5:59p
MGT  153,B00,3/17/2020,7:00p-9:59p
MGT  162,A00,3/20/2020,11:30a-2:29p
MGT  164,A00,3/19/2020,8:00a-10:59a
MGT  164,B00,3/17/2020,11:30a-2:29p
MGT  164,C00,3/18/2020,8:00a-10:59a
MGT  164,D00,3/18/2020,8:00a-10:59a
MGT  166,A00,3/19/2020,11:30a-2:29p
MGT  166,B00,3/19/2020,3:00p-5:59p
MGT  166,C00,3/17/2020,3:00p-5:59p
MGT  166,D00,3/17/2020,8:00a-10:59a
MGT  167,A00,3/18/2020,7:00p-9:59p
MGT  172,A00,3/19/2020,7:00p-9:59p
MGT  172,B00,3/16/2020,7:00p-9:59p
MGT  172,C00,3/16/2020,3:00p-5:59p
MGT  173,A00,3/18/2020,3:00p-5:59p
MGT  173,B00,3/16/2020,7:00p-9:59p
MGT  175,A00,3/18/2020,8:00a-10:59a
MGT  181,A00,3/16/2020,11:30a-2:29p
MGT  181,B00,3/17/2020,7:00p-9:59p
MGT  184,A00,3/19/2020,7:00p-9:59p
MGT  187,A00,3/19/2020,7:00p-9:59p
MGT  187,B00,3/16/2020,7:00p-9:59p
SE   101A,A00,3/19/2020,7:00p-9:59p
SE   101B,A00,3/17/2020,8:00a-10:59a
SE   101B,B00,3/19/2020,11:30a-2:29p
SE   103,A00,3/19/2020,8:00a-10:59a
SE   110A,B00,3/16/2020,3:00p-5:59p
SE   110A,C00,3/17/2020,11:30a-2:29p
SE   115,A00,3/16/2020,3:00p-5:59p
SE   130A,A00,3/18/2020,11:30a-2:29p
SE   131A,A00,3/16/2020,11:30a-2:29p
SE   151A,A00,3/18/2020,8:00a-10:59a
SE   160A,A00,3/19/2020,7:00p-9:59p
SE   171,A00,3/20/2020,11:30a-2:29p
SE   182,A00,3/17/2020,8:00a-10:59a
SIO  1,A00,3/16/2020,3:00p-5:59p
SIO  3,A00,3/20/2020,11:30a-2:29p
SIO  20,A00,3/19/2020,3:00p-5:59p
SIO  25,A00,3/20/2020,8:00a-10:59a
SIO  35,A00,3/16/2020,11:30a-2:29p
SIO  45,A00,3/20/2020,8:00a-10:59a
SIO  102,A00,3/19/2020,11:30a-2:29p
SIO  103,A00,3/17/2020,8:00a-10:59a
SIO  104,A00,3/18/2020,8:00a-10:59a
SIO  109,A00,3/18/2020,11:30a-2:29p
SIO  115,A00,3/18/2020,8:00a-10:59a
SIO  116,A00,3/19/2020,3:00p-5:59p
SIO  119,A00,3/20/2020,11:30a-2:29p
SIO  120,A00,3/20/2020,11:30a-2:29p
SIO  124,A00,3/19/2020,8:00a-10:59a
SIO  126,A00,3/18/2020,8:00a-10:59a
SIO  134,A00,3/17/2020,8:00a-10:59a
SIO  143,A00,3/19/2020,3:00p-5:59p
SIO  144,A00,3/19/2020,3:00p-5:59p
SIO  146,A00,3/19/2020,3:00p-5:59p
SIO  162,A00,3/19/2020,3:00p-5:59p
SIO  172,A00,3/19/2020,11:30a-2:29p
SIO  178,A00,3/19/2020,3:00p-5:59p
SIO  180,A00,3/20/2020,11:30a-2:29p
SIO  183,A00,3/18/2020,11:30a-2:29p
SIO  185,A00,3/19/2020,8:00a-10:59a
SIO  187,A00,3/20/2020,8:00a-10:59a
SIO  188,A00,3/19/2020,3:00p-5:59p
SIO  190,A00,3/19/2020,3:00p-5:59p
SOCI 2,A00,3/20/2020,11:30a-2:29p
SOCI 50,A00,3/16/2020,7:00p-9:59p
SOCI 60,A00,3/19/2020,8:00a-10:59a
SOCI 70,A00,3/17/2020,8:00a-10:59a
SOCI 100,A00,3/16/2020,11:30a-2:29p
SOCI 102,B00,3/16/2020,7:00p-9:59p
SOCI 104,A00,3/18/2020,8:00a-10:59a
SOCI 104Q,A00,3/17/2020,11:30a-2:29p
SOCI 106,A00,3/19/2020,3:00p-5:59p
SOCI 109,A00,3/16/2020,8:00a-10:59a
SOCI 113,A00,3/19/2020,7:00p-9:59p
SOCI 115,A00,3/16/2020,7:00p-9:59p
SOCI 118,A00,3/19/2020,8:00a-10:59a
SOCI 120T,A00,3/18/2020,8:00a-10:59a
SOCI 124,A00,3/18/2020,11:30a-2:29p
SOCI 126,A00,3/16/2020,7:00p-9:59p
SOCI 132,A00,3/16/2020,7:00p-9:59p
SOCI 135,A00,3/18/2020,3:00p-5:59p
SOCI 138,A00,3/19/2020,3:00p-5:59p
SOCI 140K,A00,3/19/2020,11:30a-2:29p
SOCI 142,A00,3/16/2020,7:00p-9:59p
SOCI 145,A00,3/18/2020,3:00p-5:59p
SOCI 149,A00,3/18/2020,11:30a-2:29p
SOCI 156,A00,3/16/2020,7:00p-9:59p
SOCI 159,A00,3/20/2020,3:00p-5:59p
SOCI 162,A00,3/16/2020,8:00a-10:59a
SOCI 167,A00,3/17/2020,3:00p-5:59p
SOCI 168,A00,3/19/2020,7:00p-9:59p
SOCI 170,A00,3/20/2020,3:00p-5:59p
SOCI 175,A00,3/20/2020,8:00a-10:59a
SOCI 180,A00,3/17/2020,3:00p-5:59p
SOCI 185,A00,3/17/2020,7:00p-9:59p
SOCI 188D,A00,3/17/2020,11:30a-2:29p
SOCI 188E,A00,3/17/2020,3:00p-5:59p
ENG  100B,A00,3/16/2020,7:00p-9:59p
ENG  100D,A00,3/16/2020,7:00p-9:59p
ENG  100D,B00,3/17/2020,11:30a-2:29p
TDAC 1,A00,3/19/2020,8:00a-10:59a
TDAC 1,B00,3/19/2020,8:00a-10:59a
TDAC 1,C00,3/19/2020,11:30a-2:29p
TDAC 1,D00,3/19/2020,11:30a-2:29p
TDAC 1,E00,3/17/2020,11:30a-2:29p
TDAC 1,F00,3/17/2020,11:30a-2:29p
TDAC 1,G00,3/19/2020,3:00p-5:59p
TDAC 1,H00,3/19/2020,3:00p-5:59p
TDAC 1,I00,3/19/2020,3:00p-5:59p
TDAC 1,J00,3/17/2020,3:00p-5:59p
TDAC 1,K00,3/17/2020,3:00p-5:59p
TDAC 102,A00,3/19/2020,11:30a-2:29p
TDAC 102,B00,3/20/2020,11:30a-2:29p
TDAC 104,A00,3/20/2020,8:00a-10:59a
TDDE 1,A00,3/16/2020,3:00p-5:59p
TDDE 101,A00,3/19/2020,11:30a-2:29p
TDDE 151,A00,3/19/2020,3:00p-5:59p
TDDM 100,A00,3/19/2020,3:00p-5:59p
TDGE 1,A00,3/18/2020,11:30a-2:29p
TDGE 11,A00,3/16/2020,7:00p-9:59p
TDGE 25,A00,3/19/2020,8:00a-10:59a
TDGE 25,B00,3/19/2020,8:00a-10:59a
TDGE 25,C00,3/17/2020,8:00a-10:59a
TDGE 25,D00,3/19/2020,11:30a-2:29p
TDGE 25,E00,3/19/2020,3:00p-5:59p
TDGE 25,F00,3/17/2020,3:00p-5:59p
TDGE 25,G00,3/17/2020,3:00p-5:59p
TDHD 20,A00,3/17/2020,11:30a-2:29p
TDHD 176,A00,3/17/2020,11:30a-2:29p
TDHT 22,A00,3/16/2020,11:30a-2:29p
TDHT 101,A00,3/19/2020,11:30a-2:29p
TDHT 108,A00,3/20/2020,8:00a-10:59a
TDMV 1,A00,3/16/2020,8:00a-10:59a
TDMV 1,B00,3/21/2020,11:30a-2:29p
TDMV 2,A00,3/20/2020,8:00a-10:59a
TDMV 2,B00,3/19/2020,8:00a-10:59a
TDMV 2,C00,3/21/2020,8:00a-10:59a
TDMV 3,A00,3/21/2020,3:00p-5:59p
TDMV 11,A00,3/19/2020,8:00a-10:59a
TDMV 20,A00,3/16/2020,3:00p-5:59p
TDMV 110,A00,3/21/2020,8:00a-10:59a
TDMV 111,A00,3/20/2020,8:00a-10:59a
TDMV 120,A00,3/17/2020,11:30a-2:29p
TDMV 120,B00,3/19/2020,3:00p-5:59p
TDMV 122,A00,3/18/2020,11:30a-2:29p
TDMV 130,A00,3/20/2020,3:00p-5:59p
TDMV 138,B00,3/17/2020,11:30a-2:29p
TDMV 142,A00,3/16/2020,3:00p-5:59p
TDMV 143,A00,3/20/2020,3:00p-5:59p
TDMV 146,A00,3/18/2020,11:30a-2:29p
TDMV 148,A00,3/20/2020,8:00a-10:59a
TDPW 101,A00,3/17/2020,8:00a-10:59a
TDPW 101,B00,3/17/2020,8:00a-10:59a
TDPW 101,C00,3/19/2020,11:30a-2:29p
TDPW 101,D00,3/17/2020,11:30a-2:29p
TDPW 101,E00,3/17/2020,8:00a-10:59a
TDTR 10,A00,3/19/2020,3:00p-5:59p
TDTR 20,A00,3/17/2020,8:00a-10:59a
TDTR 104,A00,3/17/2020,11:30a-2:29p
TMC  15,A00,3/17/2020,8:00a-10:59a
TWS  22,A00,3/20/2020,11:30a-2:29p
USP  2,A00,3/17/2020,11:30a-2:29p
USP  5,A00,3/16/2020,7:00p-9:59p
USP  125,A00,3/19/2020,11:30a-2:29p
USP  131,A00,3/16/2020,7:00p-9:59p
USP  141A,A00,3/18/2020,8:00a-10:59a
USP  143,A00,3/17/2020,8:00a-10:59a
USP  150,A00,3/17/2020,11:30a-2:29p
USP  153,A00,3/19/2020,11:30a-2:29p
USP  161,A00,3/18/2020,7:00p-9:59p
USP  170,A00,3/19/2020,7:00p-9:59p
USP  177A,A00,3/19/2020,3:00p-5:59p
USP  179,A00,3/16/2020,3:00p-5:59p
USP  181,A00,3/20/2020,8:00a-10:59a
USP  189,A00,3/16/2020,7:00p-9:59p
USP  193,A00,3/19/2020,7:00p-9:59p
VIS  11,A00,3/18/2020,7:00p-9:59p
VIS  21B,A00,3/17/2020,3:00p-5:59p
VIS  22,A00,3/19/2020,11:30a-2:29p
VIS  41,A00,3/18/2020,7:00p-9:59p
VIS  84,A00,3/17/2020,11:30a-2:29p
VIS  100,A00,3/17/2020,3:00p-5:59p
VIS  112,A00,3/17/2020,3:00p-5:59p
VIS  122D,A00,3/18/2020,11:30a-2:29p
VIS  124F,A00,3/19/2020,3:00p-5:59p
VIS  125BN,A00,3/17/2020,11:30a-2:29p
VIS  126AN,A00,3/20/2020,11:30a-2:29p
VIS  129A,A00,3/17/2020,8:00a-10:59a
VIS  129F,A00,3/17/2020,3:00p-5:59p
VIS  135,B00,3/18/2020,3:00p-5:59p
VIS  145A,A00,3/19/2020,7:00p-9:59p
VIS  147A,A00,3/21/2020,8:00a-10:59a
